{
  "entropy": 0.22656449726226885,
  "ig": 0.12984437760777331,
  "kl": 0.09882744462523049,
  "cd": 0.18103513902145058,
  "se": 0.0005748946733971212,
  "selfcheck": 0.3631536468098798
}